periodo,ipc_indice,ipc_var_mensual,inflacion_12m,sae_var_mensual,sae_12m,transables_12m,no_transables_12m,mayorista_12m,expectativa_12m,tasa_referencia,tipo_cambio,petroleo_wti,trigo,meta_min,meta_max
2003-01,57.598612,0.231420,2.282565,-0.111733,0.956614,2.322457,2.258258,1.689904,1.975000,,3.493955,32.912174,147.462095,1.500000,3.500000
2003-02,57.868648,0.468825,2.802516,0.228145,1.125545,2.703426,2.885229,2.587500,2.408333,,3.483950,35.859750,147.824540,1.500000,3.500000
2003-03,58.515493,1.117780,3.394930,1.938313,2.840725,3.177005,3.569970,3.309621,2.537500,,3.479160,33.432143,137.828282,1.500000,3.500000
2003-04,58.485733,-0.050857,2.594109,0.264059,2.964516,2.393905,2.715036,2.405869,2.633333,,3.464625,28.258182,136.991408,1.500000,3.500000
2003-05,58.467003,-0.032025,2.419074,0.055604,2.907949,1.923258,2.751655,2.246284,2.550000,,3.481148,28.182727,138.340070,1.500000,3.500000
2003-06,58.190379,-0.473129,2.166704,0.045022,2.883924,1.819590,2.426449,1.962976,2.450000,,3.478762,30.662381,128.694846,1.500000,3.500000
2003-07,58.103549,-0.149217,1.979265,0.189392,2.820608,1.409716,2.393853,1.081048,2.395833,,3.471405,30.740870,115.467110,1.500000,3.500000
2003-08,58.111367,0.013456,1.890188,0.077527,2.770942,1.330211,2.298126,1.050006,2.133333,,3.480262,31.573810,135.321836,1.500000,3.500000
2003-09,58.435976,0.558598,1.976431,-0.017156,2.755019,0.836591,2.807035,0.800017,2.012500,2.750000,3.480864,28.468182,132.185498,1.500000,3.500000
2003-10,58.464629,0.049032,1.299142,-0.070649,2.625744,0.405833,1.940908,0.450924,2.058333,2.750000,3.478205,30.341304,134.378139,1.500000,3.500000
2003-11,58.562665,0.167685,1.875869,0.005988,2.589171,0.725294,2.702747,0.911400,2.025000,2.500000,3.477750,31.030500,149.859223,1.500000,3.500000
2003-12,58.892929,0.563951,2.483754,0.231768,2.856575,1.311828,3.312763,2.004367,2.000000,2.500000,3.471286,32.203913,155.425895,1.500000,3.500000
2004-01,59.209448,0.537447,2.796658,-0.141462,2.825961,1.399346,3.764185,2.727243,2.408333,2.500000,3.467167,34.185000,155.977050,1.500000,3.500000
2004-02,59.852513,1.086085,3.428220,0.150952,2.746767,2.262669,4.234643,3.583684,2.458333,2.500000,3.483500,34.723000,152.858428,1.500000,3.500000
2004-03,60.128103,0.460449,2.755869,0.265628,1.060817,2.672274,2.807037,3.747781,2.575000,2.500000,3.465085,36.743478,152.945694,1.500000,3.500000
2004-04,60.114412,-0.022770,2.784744,-0.109038,0.684755,2.909643,2.694430,4.595571,2.633333,2.500000,3.469650,36.765682,156.603364,1.500000,3.500000
2004-05,60.327123,0.353845,3.181487,0.046880,0.675976,3.782916,2.769853,5.421279,2.616667,2.500000,3.487238,40.273810,151.729653,1.500000,3.500000
2004-06,60.667252,0.563807,4.256499,-0.030797,0.599678,4.281970,4.242518,6.405173,2.700000,2.500000,3.477167,38.044545,145.325550,1.500000,3.500000
2004-07,60.784405,0.193109,4.613930,0.092719,0.502609,4.906240,4.410663,6.938683,2.891667,2.500000,3.441300,40.668636,141.312970,1.500000,3.500000
2004-08,60.778606,-0.009541,4.589875,0.057102,0.482097,5.095531,4.235924,6.576351,2.983333,2.750000,3.395452,44.903182,132.561286,1.500000,3.500000
2004-09,60.788750,0.016690,4.026242,-0.034021,0.465148,4.845664,3.438749,5.972754,2.750000,2.750000,3.357591,45.845000,142.615701,1.500000,3.500000
2004-10,60.774314,-0.023747,3.950570,0.276681,0.814340,5.191349,3.092839,5.770026,2.800000,3.000000,3.321025,53.223333,140.951497,1.500000,3.500000
2004-11,60.948742,0.287008,4.074400,0.355895,1.167076,5.434226,3.115084,5.938062,2.587500,3.000000,3.310167,48.530000,147.759821,1.500000,3.500000
2004-12,60.943040,-0.009355,3.481081,0.154631,1.089219,4.857598,2.509837,4.886908,2.500000,3.000000,3.281068,43.290870,148.604345,1.500000,3.500000
2005-01,61.004074,0.100150,3.030979,-0.054870,1.176879,4.354059,2.138594,4.688586,2.500000,3.000000,3.268214,46.911905,147.434138,1.500000,3.500000
2005-02,60.860946,-0.234620,1.684863,-0.039837,0.984135,3.207745,0.641373,3.009570,2.533333,3.000000,3.258825,48.164000,143.378551,1.500000,3.500000
2005-03,61.256661,0.650196,1.876924,0.408785,1.128317,2.649596,1.337938,2.341944,2.500000,3.000000,3.259310,53.988261,120.643180,1.500000,3.500000
2005-04,61.329449,0.118824,2.021208,-0.036733,1.201518,2.510643,1.696694,1.848902,2.500000,3.000000,3.257950,52.979048,132.259860,1.500000,3.500000
2005-05,61.406927,0.126330,1.789914,0.178347,1.334502,2.301229,1.428826,1.444833,2.520833,3.000000,3.254881,49.916364,134.828540,1.500000,3.500000
2005-06,61.568883,0.263742,1.486190,-0.132817,1.231088,1.935219,1.175554,1.027685,2.475000,3.000000,3.252762,56.386818,136.356744,1.500000,3.500000
2005-07,61.633291,0.104611,1.396551,0.216162,1.355935,1.246417,1.516398,0.852880,2.458333,3.000000,3.252053,59.008095,137.955135,1.500000,3.500000
2005-08,61.522594,-0.179606,1.224094,0.041518,1.340149,1.176887,1.259446,1.505225,2.450000,3.000000,3.257341,64.985217,142.433798,1.500000,3.500000
2005-09,61.464591,-0.094279,1.111786,0.027700,1.402719,1.486781,0.849968,2.154943,2.375000,3.000000,3.307523,65.646818,155.438421,1.500000,3.500000
2005-10,61.553580,0.144780,1.282228,0.167457,1.292269,1.353608,1.241407,2.740572,2.333333,3.000000,3.380786,62.239048,164.301251,1.500000,3.500000
2005-11,61.595464,0.068045,1.061092,0.291569,1.227342,1.077431,1.066112,2.331006,2.416667,3.000000,3.376071,58.318182,159.476054,1.500000,3.500000
2005-12,61.853687,0.419225,1.494260,0.289230,1.363383,1.091195,1.786501,3.595155,2.500000,3.250000,3.424286,59.362273,162.870672,1.500000,3.500000
2006-01,62.162714,0.499609,1.899283,-0.020726,1.398011,1.318077,2.297136,3.729305,2.500000,3.500000,3.393295,65.210000,162.281937,1.500000,3.500000
2006-02,62.503538,0.548278,2.698927,-0.007070,1.431249,1.634341,3.464397,3.899310,2.500000,3.750000,3.288725,61.537500,168.125440,1.500000,3.500000
2006-03,62.789281,0.457163,2.501964,0.388749,1.411009,1.803047,3.000226,3.948123,2.500000,4.000000,3.339326,62.685217,163.022258,1.500000,3.500000
2006-04,63.109511,0.510007,2.902459,0.210133,1.661451,2.758965,2.992305,4.268650,2.500000,4.250000,3.331528,69.448000,173.053690,1.500000,3.500000
2006-05,62.776323,-0.527952,2.230036,-0.072004,1.407394,2.448371,2.093810,3.791791,2.616667,4.500000,3.279041,70.866087,185.799364,1.500000,3.500000
2006-06,62.693121,-0.132537,1.825985,-0.155250,1.384615,2.458480,1.384766,3.706094,2.550000,4.500000,3.264064,70.950909,186.415874,1.500000,3.500000
2006-07,62.586267,-0.170440,1.546203,0.342510,1.512436,2.612889,0.780091,3.568254,2.520833,4.500000,3.243100,74.357619,189.020144,1.500000,3.500000
2006-08,62.673478,0.139347,1.870670,0.121233,1.593323,2.365498,1.522548,3.293559,2.450000,4.500000,3.234386,73.043043,178.542481,1.500000,3.500000
2006-09,62.690631,0.027368,1.994709,0.036677,1.602440,1.988080,1.998463,2.688840,2.400000,4.500000,3.247738,64.057143,183.832282,1.500000,3.500000
2006-10,62.718083,0.043789,1.891853,0.028572,1.461565,1.244231,2.343232,2.186598,2.425000,4.500000,3.237455,58.893182,202.070365,1.500000,3.500000
2006-11,62.541121,-0.282155,1.535270,0.133497,1.301649,0.940800,1.954002,2.036305,2.316667,4.500000,3.222095,58.948182,201.167639,1.500000,3.500000
2006-12,62.557264,0.025812,1.137485,0.268015,1.280220,0.765359,1.400735,1.334274,2.150000,4.500000,3.205316,61.951905,196.618219,1.500000,3.500000
2007-01,62.563161,0.009428,0.644192,-0.169771,1.129236,0.800526,0.540883,0.499973,1.962500,4.500000,3.192500,54.714783,190.204615,1.000000,3.000000
2007-02,62.725492,0.259467,0.355107,0.167243,1.305530,0.741763,0.072269,0.203425,1.916667,4.500000,3.190300,59.284000,193.813886,1.000000,3.000000
2007-03,62.944301,0.348835,0.246889,0.241202,1.156635,0.430178,0.122338,0.237445,1.850000,4.500000,3.185614,60.441818,193.693634,1.000000,3.000000
2007-04,63.056472,0.178207,-0.084042,0.150772,1.096713,-0.273575,0.056765,0.115637,1.900000,4.500000,3.178289,63.990476,199.207775,1.000000,3.000000
2007-05,63.366629,0.491872,0.940332,0.053439,1.223623,0.371662,1.329321,1.208619,1.941667,4.500000,3.167523,63.503913,201.714982,1.000000,3.000000
2007-06,63.664257,0.469692,1.549031,0.045637,1.427285,0.583713,2.211222,2.346775,1.975000,4.500000,3.170200,67.489048,225.308933,1.000000,3.000000
2007-07,63.967009,0.475545,2.206143,0.221917,1.305388,1.065069,3.039668,3.215754,2.058333,4.750000,3.160909,73.994545,223.314075,1.000000,3.000000
2007-08,64.054585,0.136908,2.203654,0.051697,1.235029,1.493803,2.701642,3.680649,2.266667,4.750000,3.158182,72.356087,245.467955,1.000000,3.000000
2007-09,64.446920,0.612501,2.801517,0.108193,1.307402,1.832046,3.486680,4.173110,2.225000,5.000000,3.135975,79.618000,304.688032,1.000000,3.000000
2007-10,64.649293,0.314015,3.079191,0.090410,1.370031,2.958176,3.156763,4.228300,2.441667,5.000000,3.019864,85.798696,317.465658,1.000000,3.000000
2007-11,64.721058,0.111007,3.485607,0.114413,1.350712,3.772310,3.293860,4.666344,2.712500,5.000000,3.001000,94.945000,307.436295,1.000000,3.000000
2007-12,65.014312,0.453105,3.927679,0.401612,1.485751,4.318070,3.663936,5.235431,2.850000,5.000000,2.980775,91.797143,348.400362,1.000000,3.000000
2008-01,65.158674,0.222046,4.148628,-0.091784,1.565031,4.802094,3.690833,5.888013,3.262500,5.250000,2.950318,92.994783,354.161441,1.000000,3.000000
2008-02,65.749675,0.907018,4.821298,0.051737,1.447914,5.111253,4.609849,7.594749,3.641667,5.250000,2.905500,95.394762,426.130807,1.000000,3.000000
2008-03,66.434689,1.041851,5.545200,0.446104,1.655283,5.399322,5.631806,8.029414,3.775000,5.250000,2.810921,105.316667,435.754159,1.000000,3.000000
2008-04,66.537144,0.154220,5.519928,0.111659,1.615583,5.347403,5.626755,8.008576,4.166667,5.500000,2.747864,112.580455,360.739727,1.000000,3.000000
2008-05,66.782993,0.369491,5.391425,0.255871,1.821176,5.671766,5.199699,8.340380,3.833333,5.500000,2.804579,125.678636,323.223564,1.000000,3.000000
2008-06,67.296957,0.769602,5.706027,0.304502,2.084636,5.973953,5.519625,8.807701,3.850000,5.750000,2.891619,133.880000,330.225348,1.000000,3.000000
2008-07,67.670772,0.555472,5.790114,0.322446,2.187033,6.024976,5.607166,9.174196,4.329167,6.000000,2.848429,133.890000,310.739961,1.000000,3.000000
2008-08,68.070358,0.590485,6.269298,0.495547,2.640356,6.018703,6.453130,9.983700,4.650000,6.250000,2.892310,116.676905,306.949958,1.000000,3.000000
2008-09,68.456454,0.567201,6.221452,0.871040,3.422499,5.949536,6.411827,10.647047,4.575000,6.500000,2.965841,104.557500,268.429506,1.000000,3.000000
2008-10,68.876180,0.613129,6.538181,0.518031,3.864356,5.938582,6.946538,10.867488,4.333333,6.500000,3.075159,76.620870,213.077575,1.000000,3.000000
2008-11,69.089024,0.309024,6.748910,0.496108,4.260348,5.249451,7.778701,10.473965,4.104167,6.500000,3.091889,57.163000,217.752414,1.000000,3.000000
2008-12,69.337899,0.360223,6.650207,0.393720,4.252152,4.570212,8.104169,8.786184,3.750000,6.500000,3.113775,40.732609,214.974669,1.000000,3.000000
2009-01,69.411244,0.105779,6.526483,-0.007370,4.340236,3.306193,8.807660,6.851882,3.504167,6.500000,3.151125,41.553636,233.857015,1.000000,3.000000
2009-02,69.359333,-0.074787,5.490002,0.347300,4.648467,2.133712,7.857090,4.029495,3.166667,6.250000,3.236125,39.014500,219.428845,1.000000,3.000000
2009-03,69.609179,0.360219,4.778363,0.555391,4.762326,1.580046,6.999967,2.671771,2.962500,6.000000,3.174773,47.940455,218.458060,1.000000,3.000000
2009-04,69.622413,0.019011,4.636911,0.132907,4.784561,1.411824,6.904405,1.658355,2.850000,5.000000,3.085025,49.764545,213.476782,1.000000,3.000000
2009-05,69.592471,-0.043006,4.206876,0.011225,4.528863,0.670531,6.690030,-0.219176,2.800000,4.000000,2.994050,59.129524,234.000570,1.000000,3.000000
2009-06,69.356151,-0.339576,3.059863,0.098447,4.314130,0.109315,5.130198,-2.252787,2.350000,3.000000,2.990476,69.641364,234.090838,1.000000,3.000000
2009-07,69.485631,0.186688,2.681894,0.166432,4.151909,-0.139686,4.650428,-3.262092,2.270833,2.000000,3.012500,64.262174,196.407114,1.000000,3.000000
2009-08,69.341515,-0.207404,1.867416,-0.002290,3.635958,-0.460541,3.481275,-4.994046,2.200000,1.250000,2.950548,71.044762,180.783429,1.000000,3.000000
2009-09,69.281059,-0.087187,1.204568,0.040809,2.782971,-0.393059,2.304532,-6.206891,1.825000,1.250000,2.909659,69.341818,161.388397,1.000000,3.000000
2009-10,69.366015,0.122626,0.711182,-0.034917,2.217563,-0.799906,1.756116,-6.350234,1.883333,1.250000,2.871775,75.715455,176.762299,1.000000,3.000000
2009-11,69.288278,-0.112068,0.288402,0.067582,1.781697,-0.673025,0.951049,-6.288343,1.970833,1.250000,2.884500,77.956190,192.134611,1.000000,3.000000
2009-12,69.507996,0.317107,0.245316,0.318854,1.705797,-0.499116,0.752242,-5.053463,2.100000,1.250000,2.877474,74.572609,187.664507,1.000000,3.000000
2010-01,69.713682,0.295916,0.435719,-0.053556,1.658820,0.634103,0.303752,-2.814634,2.133333,1.250000,2.856450,78.359048,181.426444,1.000000,3.000000
2010-02,69.938514,0.322508,0.835043,-0.002539,1.304409,1.717897,0.249993,-1.219329,2.208333,1.250000,2.853975,76.273500,174.087107,1.000000,3.000000
2010-03,70.134910,0.280812,0.755261,0.269121,1.016007,2.282948,-0.233291,-0.465009,2.275000,1.250000,2.839283,81.203478,170.894198,1.000000,3.000000
2010-04,70.152694,0.025357,0.761653,0.097370,0.980157,2.471471,-0.331503,0.477552,2.500000,1.250000,2.839850,84.313182,169.242365,1.000000,3.000000
2010-05,70.319559,0.237860,1.044780,0.172836,1.143334,2.626472,0.059244,1.981908,2.500000,1.500000,2.845500,73.756667,163.596996,1.000000,3.000000
2010-06,70.495955,0.250849,1.643407,0.048365,1.092728,2.587253,1.058064,2.479510,2.500000,1.750000,2.838050,75.335909,155.146142,1.000000,3.000000
2010-07,70.752529,0.363955,1.823251,0.188343,1.114841,2.450401,1.414801,2.440685,2.520833,2.000000,2.822816,76.125909,185.284335,1.000000,3.000000
2010-08,70.942510,0.268515,2.308855,0.029961,1.147454,2.559134,2.143203,3.248826,2.566667,2.500000,2.802024,76.599091,241.406177,1.000000,3.000000
2010-09,70.919803,-0.032008,2.365357,0.009631,1.115931,2.306841,2.408866,3.541881,2.662500,3.000000,2.790636,75.209091,249.402109,1.000000,3.000000
2010-10,70.819294,-0.141722,2.095088,0.153421,1.306436,2.436829,1.899722,3.537180,2.541667,3.000000,2.791475,81.892857,250.145931,1.000000,3.000000
2010-11,70.824893,0.007905,2.217712,-0.008738,1.229172,2.491999,2.084225,4.532886,2.495833,3.000000,2.805595,84.205455,255.352085,1.000000,3.000000
2010-12,70.951291,0.178466,2.076444,0.470471,1.382165,2.855163,1.615184,4.567350,2.500000,3.000000,2.815675,89.219565,287.351791,1.000000,3.000000
2011-01,71.228311,0.390436,2.172642,-0.047611,1.388195,2.998410,1.680582,4.731822,2.866667,3.250000,2.787048,89.282857,304.434763,1.000000,3.000000
2011-02,71.500632,0.382321,2.233559,0.173305,1.566485,2.680505,1.969056,5.325575,2.916667,3.500000,2.770525,88.401000,327.087917,1.000000,3.000000
2011-03,72.002901,0.702468,2.663426,0.337295,1.635541,2.622736,2.686900,5.750953,3.075000,3.750000,2.779391,102.856522,297.827742,1.000000,3.000000
2011-04,72.493178,0.680913,3.336271,0.314300,1.855804,2.922344,3.584836,6.673751,3.183333,4.000000,2.815632,109.636667,330.553417,1.000000,3.000000
2011-05,72.475993,-0.023706,3.066620,0.115080,1.797077,3.006736,3.102126,6.138997,3.233333,4.250000,2.774952,100.885909,332.146440,1.000000,3.000000
2011-06,72.547848,0.099143,2.910653,0.258986,2.011380,3.437142,2.596563,6.349575,3.050000,4.250000,2.764071,96.264091,303.127260,1.000000,3.000000
2011-07,73.123118,0.792952,3.350536,0.201288,2.024560,3.769914,3.103389,6.675227,2.933333,4.250000,2.741316,97.184762,284.278213,1.000000,3.000000
2011-08,73.317492,0.265818,3.347756,0.134567,2.131252,3.793724,3.082575,6.759441,2.950000,4.250000,2.739381,86.323478,306.554373,1.000000,3.000000
2011-09,73.562508,0.334184,3.726329,0.253402,2.380194,4.228793,3.428528,7.235177,2.825000,4.250000,2.743841,85.601591,298.713839,1.000000,3.000000
2011-10,73.794120,0.314850,4.200586,0.105375,2.331080,4.292013,4.147408,7.297559,2.800000,4.250000,2.731825,86.309048,272.052181,1.000000,3.000000
2011-11,74.112484,0.431423,4.641859,0.138358,2.481619,4.455274,4.753620,6.792816,2.883333,4.250000,2.704952,97.129545,266.680004,1.000000,3.000000
2011-12,74.313262,0.270909,4.738421,0.411083,2.421041,4.235016,5.040565,6.261737,3.000000,4.250000,2.696263,98.620000,264.796889,1.000000,3.000000
2012-01,74.237966,-0.101322,4.225364,-0.133680,2.332846,3.605905,4.598956,4.690751,2.820833,4.250000,2.692659,100.135909,274.888883,1.000000,3.000000
2012-02,74.479172,0.324909,4.165754,0.071397,2.228741,3.723615,4.430433,4.162983,2.700000,4.250000,2.683524,102.258095,270.560562,1.000000,3.000000
2012-03,75.049695,0.766016,4.231487,0.571710,2.467575,3.577805,4.620265,4.102133,2.700000,4.250000,2.671000,106.157727,264.596469,1.000000,3.000000
2012-04,75.448614,0.531540,4.076847,0.322292,2.475739,3.408322,4.475556,3.080953,2.900000,4.250000,2.657028,103.319524,250.920173,1.000000,3.000000
2012-05,75.478236,0.039261,4.142396,0.229178,2.592528,3.312018,4.640187,2.426844,3.033333,4.250000,2.669273,94.480000,258.008743,1.000000,3.000000
2012-06,75.450539,-0.036695,4.001071,0.131445,2.462018,2.897702,4.666552,2.045005,3.000000,4.250000,2.670575,82.303333,268.832732,1.000000,3.000000
2012-07,75.518715,0.090359,3.276115,0.160082,2.419883,2.532913,3.719305,0.866277,2.858333,4.250000,2.635048,87.888182,314.112794,1.000000,3.000000
2012-08,75.902653,0.508401,3.525981,0.151082,2.436774,2.660316,4.042422,0.660744,2.866667,4.250000,2.615976,94.131304,337.834453,1.000000,3.000000
2012-09,76.314581,0.542706,3.741136,-0.036134,2.140932,2.504307,4.480188,0.391185,2.850000,4.250000,2.602800,94.612500,343.319451,1.000000,3.000000
2012-10,76.189942,-0.163323,3.246630,-0.041117,1.991461,2.226784,3.855988,0.200841,2.875000,4.250000,2.587600,89.491304,343.110371,1.000000,3.000000
2012-11,76.085205,-0.137469,2.661792,0.067669,1.919464,1.806765,3.173639,-0.442211,2.725000,4.250000,2.598625,86.623182,347.573788,1.000000,3.000000
2012-12,76.282094,0.258775,2.649369,0.400853,1.909080,1.641402,3.248380,-0.591442,2.550000,4.250000,2.566889,87.880000,333.282950,1.000000,3.000000
2013-01,76.370137,0.115418,2.872076,0.044953,2.091367,1.695404,3.573159,-0.848605,2.591667,4.250000,2.551909,94.666522,326.164332,1.000000,3.000000
2013-02,76.303586,-0.087143,2.449562,0.176503,2.198595,1.673490,2.909808,-0.900331,2.575000,4.250000,2.578053,95.341000,310.792081,1.000000,3.000000
2013-03,76.994851,0.905941,2.591825,0.953663,2.586726,1.809619,3.052876,-1.221419,2.562500,4.250000,2.593947,93.143333,296.486749,1.000000,3.000000
2013-04,77.189176,0.252386,2.306950,0.149579,2.410115,1.434366,2.818921,-1.291128,2.483333,4.250000,2.597500,92.021364,295.937184,1.000000,3.000000
2013-05,77.338603,0.193586,2.464773,0.150038,2.329253,1.322769,3.141939,-1.251297,2.479167,4.250000,2.644386,94.480435,304.301824,1.000000,3.000000
2013-06,77.541073,0.261798,2.770735,0.155061,2.353388,1.614353,3.455908,-0.375713,2.500000,4.250000,2.747500,95.772500,294.454909,1.000000,3.000000
2013-07,77.966370,0.548479,3.241124,0.279953,2.475884,2.079495,3.928848,1.442126,2.512500,4.250000,2.776714,104.551304,286.776672,1.000000,3.000000
2013-08,78.389653,0.542905,3.276566,0.137742,2.462235,2.241890,3.889034,2.054686,2.583333,4.250000,2.801738,106.572727,287.807638,1.000000,3.000000
2013-09,78.474926,0.108780,2.830841,0.078471,2.579704,2.145595,3.234001,2.174635,2.700000,4.250000,2.778571,106.370000,289.571057,1.000000,3.000000
2013-10,78.504960,0.038272,3.038482,0.131731,2.757085,2.109899,3.582914,1.726150,2.658333,4.250000,2.769119,100.538261,307.676654,1.000000,3.000000
2013-11,78.333628,-0.218243,2.955139,0.193214,2.886004,2.184513,3.407291,1.544851,2.633333,4.000000,2.798125,93.821429,300.458569,1.000000,3.000000
2013-12,78.463519,0.165818,2.859681,0.481753,2.968906,2.531095,3.053374,1.553952,2.700000,4.000000,2.785250,97.897273,286.525783,1.000000,3.000000
2014-01,78.712128,0.316847,3.066631,0.028201,2.951664,2.877420,3.178446,2.373929,2.641667,4.000000,2.808932,94.990870,269.215574,1.000000,3.000000
2014-02,79.185061,0.600839,3.776330,0.186978,2.962429,3.011008,4.225908,2.505183,2.583333,4.000000,2.812650,100.747000,283.895685,1.000000,3.000000
2014-03,79.595682,0.518559,3.377928,0.777090,2.782342,3.074495,3.555054,2.606707,2.687500,4.000000,2.806381,100.603810,320.615118,1.000000,3.000000
2014-04,79.908670,0.393222,3.523155,0.195591,2.829565,3.278823,3.665426,2.618049,2.750000,4.000000,2.794375,102.132273,320.931257,1.000000,3.000000
2014-05,80.088488,0.225030,3.555644,0.143353,2.822701,3.298390,3.703805,3.109911,2.766667,4.000000,2.786976,102.003182,325.962641,1.000000,3.000000
2014-06,80.215971,0.159178,3.449653,0.107508,2.773881,3.006447,3.707786,2.119450,2.825000,4.000000,2.794238,105.230000,300.528557,1.000000,3.000000
2014-07,80.563557,0.433313,3.331164,0.236344,2.729188,2.890829,3.585506,1.241481,2.795833,3.750000,2.786095,102.948261,277.898273,1.000000,3.000000
2014-08,80.494579,-0.085620,2.685209,-0.030764,2.556320,2.419171,2.837646,0.604045,2.883333,3.750000,2.814476,96.536190,264.121664,1.000000,3.000000
2014-09,80.623775,0.160503,2.738262,0.093878,2.572109,2.366694,2.952440,0.428663,2.750000,3.500000,2.863955,93.423182,256.178819,1.000000,3.000000
2014-10,80.929225,0.378858,3.088040,0.120549,2.560654,2.600150,3.370882,1.342277,2.700000,3.500000,2.906045,84.396957,265.752879,1.000000,3.000000
2014-11,80.808267,-0.149461,3.159102,0.129938,2.495883,2.594700,3.486893,1.681398,2.725000,3.500000,2.925075,75.685000,260.320002,1.000000,3.000000
2014-12,80.993231,0.228892,3.224061,0.493150,2.507508,2.160438,3.843865,1.473342,2.600000,3.500000,2.961500,59.134348,274.028202,1.000000,3.000000
2015-01,81.131159,0.170296,3.073263,0.004053,2.482763,1.286455,4.115000,1.132803,2.504167,3.250000,3.005525,47.529091,246.658857,1.000000,3.000000
2015-02,81.377366,0.303469,2.768585,0.156816,2.451910,1.091075,3.743854,1.280251,2.500000,3.250000,3.078525,50.688000,234.998993,1.000000,3.000000
2015-03,81.999630,0.764664,3.020199,0.907834,2.584827,1.256235,4.041219,1.589116,2.712500,3.250000,3.091682,47.823636,234.938449,1.000000,3.000000
2015-04,82.319844,0.390506,3.017413,0.343818,2.736588,1.300809,4.012615,1.481298,2.833333,3.250000,3.119953,54.210909,227.627286,1.000000,3.000000
2015-05,82.784429,0.564365,3.366202,0.247165,2.843087,1.763448,4.297073,1.681280,2.816667,3.250000,3.150450,59.246667,224.609052,1.000000,3.000000
2015-06,83.059555,0.332341,3.544910,0.258579,2.998287,2.515491,4.140288,2.100549,2.900000,3.250000,3.161238,59.819545,229.364261,1.000000,3.000000
2015-07,83.433977,0.450786,3.562925,0.590390,3.362088,2.506018,4.173449,1.953500,3.033333,3.250000,3.181250,51.163043,228.977218,1.000000,3.000000
2015-08,83.748711,0.377226,4.042673,0.085911,3.482723,2.735483,4.797079,1.988216,3.133333,3.250000,3.238357,42.867619,204.714958,1.000000,3.000000
2015-09,83.771774,0.027538,3.904555,0.057256,3.444861,2.651232,4.628837,1.866057,3.350000,3.500000,3.218614,45.504091,195.342926,1.000000,3.000000
2015-10,83.891400,0.142799,3.660205,0.138858,3.463778,2.493838,4.333656,1.388205,3.333333,3.500000,3.248375,46.223636,203.259525,1.000000,3.000000
2015-11,84.180046,0.344072,4.172567,0.122041,3.455618,2.598595,5.083570,2.191683,3.295833,3.500000,3.336643,42.385238,199.868287,1.000000,3.000000
2015-12,84.555255,0.445721,4.397929,0.525911,3.489345,2.904084,5.255785,2.590129,3.450000,3.750000,3.382667,37.207391,201.706994,1.000000,3.000000
2016-01,84.870240,0.372520,4.608688,-0.066478,3.416355,3.454580,5.265288,2.936803,3.444583,4.000000,3.437325,31.836190,196.106431,1.000000,3.000000
2016-02,85.017992,0.174091,4.473757,0.520000,3.791359,3.607096,4.963462,2.816519,3.433333,4.250000,3.505905,30.275238,187.900336,1.000000,3.000000
2016-03,85.526500,0.598118,4.301081,0.704591,3.582308,3.260694,4.887312,1.815204,3.350000,4.250000,3.407381,37.817391,192.537042,1.000000,3.000000
2016-04,85.536256,0.011407,3.907213,0.026470,3.254718,3.126251,4.346350,1.178648,3.283333,4.250000,3.301548,40.958095,187.742863,1.000000,3.000000
2016-05,85.715509,0.209564,3.540618,0.322643,3.332461,3.200826,3.730440,0.717897,3.241667,4.250000,3.333727,46.832727,180.962774,1.000000,3.000000
2016-06,85.835089,0.139509,3.341619,0.208218,3.280556,2.941815,3.570544,1.018643,3.162500,4.250000,3.316571,48.757273,177.538928,1.000000,3.000000
2016-07,85.905257,0.081747,2.961959,0.189309,2.868749,3.074990,2.897519,0.761340,3.014583,4.250000,3.298737,44.859524,142.758063,1.000000,3.000000
2016-08,86.213043,0.358286,2.942531,0.171743,2.956967,3.093160,2.857196,0.947629,2.766667,4.250000,3.333045,44.724348,138.523788,1.000000,3.000000
2016-09,86.391042,0.206464,3.126671,0.110911,3.012176,3.226221,3.071955,1.517058,2.662500,4.250000,3.382295,45.164091,142.131352,1.000000,3.000000
2016-10,86.748143,0.413355,3.405288,0.124304,2.997204,3.477966,3.364119,1.962730,2.710000,4.250000,3.385952,49.845714,149.196961,1.000000,3.000000
2016-11,86.999769,0.290064,3.349632,0.145097,3.020922,3.491270,3.271181,1.451805,2.908333,4.250000,3.402895,45.709091,156.144067,1.000000,3.000000
2016-12,87.290518,0.334195,3.234882,0.376114,2.867408,3.448832,3.114680,1.915257,2.900000,4.250000,3.395357,51.972273,150.782826,1.000000,3.000000
2017-01,87.498132,0.237843,3.096364,0.042250,2.979328,3.686807,2.765790,1.922882,2.902083,4.250000,3.340000,52.554091,163.292389,1.000000,3.000000
2017-02,87.780901,0.323171,3.249793,0.139999,2.590029,3.732366,2.980755,1.051581,2.908333,4.250000,3.259825,53.465500,170.692906,1.000000,3.000000
2017-03,88.926054,1.304558,3.974854,0.836695,2.724606,3.899061,4.018287,1.758238,2.987500,4.250000,3.263739,49.327826,167.679123,1.000000,3.000000
2017-04,88.696577,-0.258053,3.694716,0.087738,2.787527,3.935962,3.561549,2.187075,3.066667,4.250000,3.247361,51.185500,148.554821,1.000000,3.000000
2017-05,88.321091,-0.423338,3.039803,0.078820,2.537713,3.357080,2.862935,2.131910,2.954583,4.000000,3.272864,48.524348,159.323923,1.000000,3.000000
2017-06,88.180485,-0.159199,2.732444,0.055242,2.381182,2.896783,2.640346,1.430851,2.887500,4.000000,3.267800,45.177727,168.052370,1.000000,3.000000
2017-07,88.355334,0.198286,2.852069,0.166531,2.357905,2.543297,3.027924,1.623222,2.785417,3.750000,3.248921,46.572381,190.804839,1.000000,3.000000
2017-08,88.949281,0.672226,3.173810,0.382761,2.573529,2.487109,3.564389,1.376554,2.733333,3.750000,3.241432,48.036957,159.164168,1.000000,3.000000
2017-09,88.935254,-0.015770,2.944995,-0.007706,2.451994,2.493915,3.198694,0.796178,2.806250,3.500000,3.246167,49.702857,160.744984,1.000000,3.000000
2017-10,88.517930,-0.469245,2.040143,0.021852,2.347160,2.059076,2.029190,0.261204,2.662500,3.500000,3.251045,51.577727,166.582621,1.000000,3.000000
2017-11,88.343339,-0.197237,1.544338,0.029906,2.229437,1.837918,1.378350,-0.117144,2.475000,3.250000,3.240524,56.663182,170.507518,1.000000,3.000000
2017-12,88.481907,0.156852,1.364856,0.294889,2.146711,1.549524,1.261682,-0.588694,2.300000,3.250000,3.246184,57.899048,168.058732,1.000000,3.000000
2018-01,88.594649,0.127417,1.253188,-0.129632,1.971214,1.274784,1.241705,-0.368635,2.225000,3.000000,3.215167,63.580435,188.079870,1.000000,3.000000
2018-02,88.816331,0.250221,1.179561,0.135594,1.966728,1.135837,1.203504,0.633702,2.187500,3.000000,3.248375,62.212500,202.733422,1.000000,3.000000
2018-03,89.248976,0.487124,0.363136,0.854861,1.985097,0.743612,0.153301,0.320985,2.181250,2.750000,3.251900,62.822273,210.658372,1.000000,3.000000
2018-04,89.126640,-0.137073,0.484870,0.011017,1.906922,0.617146,0.411321,0.486239,2.166667,2.750000,3.230625,66.253810,213.480957,1.000000,3.000000
2018-05,89.143089,0.018455,0.930693,0.168730,1.998474,0.777755,1.017553,1.322001,2.216667,2.750000,3.273614,69.888696,230.910256,1.000000,3.000000
2018-06,89.440878,0.334058,1.429334,0.278053,2.225611,1.270894,1.519636,1.739189,2.275000,2.750000,3.270950,67.873333,222.631891,1.000000,3.000000
2018-07,89.783246,0.382786,1.616101,0.271854,2.333100,1.485470,1.690311,1.920224,2.328958,2.750000,3.276595,71.127273,215.217933,1.000000,3.000000
2018-08,89.901551,0.131767,1.070575,0.091962,2.036650,1.410865,0.880877,1.865525,2.391667,2.750000,3.288071,68.055652,234.856211,1.000000,3.000000
2018-09,90.073875,0.191682,1.280281,0.043300,2.088700,1.342763,1.246555,2.286792,2.437500,2.750000,3.311325,70.212500,216.108132,1.000000,3.000000
2018-10,90.147451,0.081684,1.840894,0.057688,2.125276,1.596381,1.980550,2.763221,2.438333,2.750000,3.333909,70.748696,219.711412,1.000000,3.000000
2018-11,90.257826,0.122438,2.167097,0.065895,2.162018,1.707894,2.426975,3.419189,2.475000,2.750000,3.374675,56.731364,219.877703,1.000000,3.000000
2018-12,90.421894,0.181777,2.192523,0.343937,2.211980,1.839335,2.391213,3.223303,2.500000,2.750000,3.364026,48.920000,227.968477,1.000000,3.000000
2019-01,90.480968,0.065332,2.129158,0.054311,2.400235,1.820821,2.303779,2.623433,2.477083,2.750000,3.343864,51.201739,225.238945,1.000000,3.000000
2019-02,90.595663,0.126761,2.003385,0.124970,2.389371,1.714011,2.166761,1.776668,2.400000,2.750000,3.321475,54.986000,216.016273,1.000000,3.000000
2019-03,91.254794,0.727552,2.247441,1.020916,2.557953,2.027234,2.369416,1.711763,2.330000,2.750000,3.304690,58.151429,212.816071,1.000000,3.000000
2019-04,91.437377,0.200081,2.592645,0.042813,2.590559,2.058653,2.892039,2.077933,2.380000,2.750000,3.303825,63.869545,202.190617,1.000000,3.000000
2019-05,91.572352,0.147614,2.725128,0.142104,2.563290,1.887519,3.197864,1.555050,2.470833,2.750000,3.332364,60.721304,196.850434,1.000000,3.000000
2019-06,91.493350,-0.086272,2.294781,0.022943,2.302366,1.361037,2.821860,1.184810,2.475000,2.750000,3.325650,54.657500,210.835410,1.000000,3.000000
2019-07,91.679390,0.203337,2.111913,0.122671,2.150162,1.401107,2.513567,1.151878,2.322917,2.750000,3.290214,57.332174,194.198497,1.000000,3.000000
2019-08,91.735293,0.060977,2.039723,0.140292,2.199486,1.527925,2.328904,1.334522,2.300000,2.500000,3.377560,54.805909,180.244601,1.000000,3.000000
2019-09,91.741149,0.006383,1.851007,0.006326,2.161716,1.506265,2.046718,0.688873,2.212500,2.500000,3.357357,56.857619,175.040037,1.000000,3.000000
2019-10,91.842730,0.110725,1.880562,0.228356,2.335973,1.402294,2.151579,0.418296,2.229167,2.500000,3.359762,53.963043,182.152950,1.000000,3.000000
2019-11,91.942756,0.108910,1.866797,0.038899,2.308365,1.328932,2.171138,-0.201094,2.183333,2.250000,3.371700,57.079048,195.336563,1.000000,3.000000
2019-12,92.139993,0.214521,1.900092,0.336279,2.300557,1.329163,2.220957,-0.115607,2.225000,2.250000,3.355190,59.878182,201.689567,1.000000,3.000000
2020-01,92.189571,0.053808,1.888356,0.067950,2.314502,1.368219,2.178445,-0.142864,2.045833,2.250000,3.327364,57.721304,209.215492,1.000000,3.000000
2020-02,92.320639,0.142172,1.904038,0.149432,2.339499,1.570113,2.090635,0.174112,2.025000,2.250000,3.390350,50.617000,200.547171,1.000000,3.000000
2020-03,92.917030,0.646000,1.821533,0.423488,1.734273,1.729824,1.872440,0.427650,2.018750,1.250000,3.491364,29.207727,202.340932,1.000000,3.000000
2020-04,93.014206,0.104583,1.724490,0.180767,1.874559,1.992311,1.576069,-0.068684,1.508333,0.250000,3.397500,16.836364,206.683371,1.000000,3.000000
2020-05,93.204097,0.204154,1.781920,0.126862,1.859053,1.879729,1.728017,-0.372212,1.520833,0.250000,3.421150,28.797143,200.095748,1.000000,3.000000
2020-06,92.956084,-0.266097,1.598732,0.069272,1.906234,1.920556,1.420794,-0.441011,1.400000,0.250000,3.470167,38.307273,190.900277,1.000000,3.000000
2020-07,93.386181,0.462688,1.861696,0.029034,1.810929,1.646685,1.983201,0.053588,1.458333,0.250000,3.516568,40.704348,192.457165,1.000000,3.000000
2020-08,93.283233,-0.110239,1.687398,0.114916,1.785129,1.563500,1.757921,0.078452,1.566667,0.250000,3.563929,42.339048,192.278961,1.000000,3.000000
2020-09,93.410429,0.136354,1.819554,0.046952,1.826478,1.654228,1.911500,0.217643,1.493750,0.250000,3.554909,39.636818,209.451675,1.000000,3.000000
2020-10,93.426099,0.016776,1.724000,0.082150,1.677940,1.714463,1.728853,0.345982,1.616667,0.250000,3.595614,39.395909,232.963475,1.000000,3.000000
2020-11,93.912362,0.520480,2.142210,0.113751,1.754018,1.950116,2.250629,0.854959,1.683333,0.250000,3.607762,41.379524,238.226096,1.000000,3.000000
2020-12,93.958129,0.048733,1.973232,0.344251,1.762103,2.166285,1.866061,1.559728,1.847500,0.250000,3.602619,47.075217,243.562873,1.000000,3.000000
2021-01,94.656145,0.742902,2.675545,-0.003629,1.689312,2.763430,2.628548,3.007977,1.977083,0.250000,3.624575,51.845714,269.204544,1.000000,3.000000
2021-02,94.537574,-0.125266,2.401342,0.032347,1.570427,2.954699,2.093405,4.248118,2.108333,0.250000,3.645275,59.069000,270.461266,1.000000,3.000000
2021-03,95.331187,0.839469,2.598185,0.640802,1.790223,2.999688,2.374578,5.627983,2.171875,0.250000,3.708152,62.333043,254.921472,1.000000,3.000000
2021-04,95.231383,-0.104692,2.383698,0.109597,1.717910,2.875618,2.108510,5.855500,2.300000,0.250000,3.699450,61.702727,275.373232,1.000000,3.000000
2021-05,95.485229,0.266558,2.447459,0.168549,1.760259,3.234674,2.007147,7.136008,2.427083,0.250000,3.773548,65.223810,297.160383,1.000000,3.000000
2021-06,95.981439,0.519672,3.254607,0.195477,1.888596,3.949279,2.863228,9.260756,2.600000,0.250000,3.910310,71.378182,272.525594,1.000000,3.000000
2021-07,96.948490,1.007539,3.814599,0.279437,2.143654,5.238094,3.020470,10.319885,3.025000,0.250000,3.940050,72.616364,264.391873,1.000000,3.000000
2021-08,97.903369,0.984935,4.952805,0.353823,2.387403,6.152968,4.279045,11.983175,3.073333,0.500000,4.086190,67.730455,296.567672,1.000000,3.000000
2021-09,98.295397,0.400423,5.229575,0.228132,2.572821,6.093517,4.745828,13.145479,3.637500,1.000000,4.107477,71.541364,296.346375,1.000000,3.000000
2021-10,98.869113,0.583665,5.826010,0.295865,2.791855,6.482343,5.458018,13.893497,3.613333,1.500000,4.015050,81.476667,316.031854,1.000000,3.000000
2021-11,99.223245,0.358184,5.655148,0.233652,2.914964,7.029218,4.887026,13.903843,3.712500,2.000000,4.019595,79.072273,352.234393,1.000000,3.000000
2021-12,100.000000,0.782835,6.430387,0.662172,3.241030,7.627050,5.762066,13.575628,3.675000,2.500000,4.036977,71.806522,389.379489,1.000000,3.000000
2022-01,100.037268,0.037268,5.684917,-0.155776,3.083946,7.332903,4.802645,12.085628,3.727083,3.000000,3.889286,83.250476,367.130906,1.000000,3.000000
2022-02,100.348840,0.311456,6.147044,0.205981,3.262876,7.681843,5.379210,11.408087,3.750000,3.500000,3.790800,91.622000,364.148542,1.000000,3.000000
2022-03,101.836672,1.482660,6.824089,0.832682,3.459755,8.621396,5.901591,11.589989,4.387500,4.000000,3.738783,108.502609,454.967012,1.000000,3.000000
2022-04,102.816232,0.961893,7.964653,0.452387,3.814016,9.254982,7.317778,13.052652,4.616667,4.500000,3.739737,102.018571,507.819949,1.000000,3.000000
2022-05,103.211072,0.384025,8.091139,0.599423,4.260572,9.422720,7.451133,13.723614,4.885417,5.000000,3.757545,109.798182,532.107381,1.000000,3.000000
2022-06,104.439931,1.190627,8.812633,0.862609,4.954770,9.434500,8.519746,12.109254,5.350000,5.500000,3.747143,114.629545,459.571957,1.000000,3.000000
2022-07,105.422597,0.940891,8.740835,0.741415,5.438286,8.990802,8.642655,12.603332,5.156250,6.000000,3.902184,102.032381,372.686205,1.000000,3.000000
2022-08,106.125283,0.666542,8.397988,0.311985,5.394328,8.125793,8.538864,10.256962,5.100000,6.500000,3.873795,93.659130,374.102892,1.000000,3.000000
2022-09,106.679849,0.522558,8.529853,0.334108,5.505766,8.122357,8.688209,9.177986,4.893750,6.750000,3.897705,84.395909,393.679629,1.000000,3.000000
2022-10,107.050724,0.347652,8.275195,0.497761,5.718150,8.405449,8.179779,9.077443,4.781250,7.000000,3.978714,87.554762,418.948286,1.000000,3.000000
2022-11,107.604861,0.517640,8.447230,0.226987,5.711120,7.951435,8.677197,8.617997,4.683333,7.250000,3.877310,84.077727,430.790776,1.000000,3.000000
2022-12,108.459162,0.793924,8.459162,0.543028,5.586000,7.540728,8.863681,7.027146,4.300000,7.500000,3.829175,76.579545,382.426867,1.000000,3.000000
2023-01,108.704764,0.226447,8.664267,0.048275,5.801785,7.415011,9.216777,7.719585,4.622917,7.750000,3.832786,78.296364,367.228333,1.000000,3.000000
2023-02,109.024924,0.294523,8.645924,0.274270,5.873888,7.156922,9.308820,8.109099,4.291667,7.750000,3.840875,76.806500,378.533707,1.000000,3.000000
2023-03,110.391537,1.253487,8.400574,0.875038,5.918361,6.438133,9.272597,5.678229,4.300000,7.750000,3.779609,73.277826,355.715061,1.000000,3.000000
2023-04,111.005592,0.556252,7.965046,0.203574,5.656010,6.250226,8.726870,4.238268,4.250000,7.750000,3.765611,79.509000,365.057948,1.000000,3.000000
2023-05,111.358436,0.317861,7.893886,0.075685,5.105945,6.276797,8.614582,1.649032,4.212500,7.750000,3.688705,71.611739,357.380515,1.000000,3.000000
2023-06,111.188314,-0.152770,6.461497,0.140696,4.353661,5.682532,6.807739,0.506562,3.825000,7.750000,3.651048,70.319091,356.831533,1.000000,3.000000
2023-07,111.623134,0.391066,5.881601,0.289866,3.885921,4.842106,6.342484,-1.743109,3.572917,7.750000,3.601300,75.766667,347.608623,1.000000,3.000000
2023-08,112.042985,0.376133,5.576147,0.243323,3.814813,5.014188,5.824196,-0.184518,3.358333,7.750000,3.696341,81.386087,303.173552,1.000000,3.000000
2023-09,112.061363,0.016403,5.044546,0.133572,3.607321,5.186543,4.983630,-0.224402,3.378125,7.500000,3.729667,89.190238,292.300590,1.000000,3.000000
2023-10,111.700024,-0.322447,4.343081,0.219624,3.320577,4.466633,4.290530,-0.551331,3.329167,7.250000,3.844409,85.511818,256.876114,1.000000,3.000000
2023-11,111.517885,-0.163061,3.636475,0.003387,3.090076,3.991869,3.482639,-1.427184,3.145833,7.000000,3.761881,77.583636,261.669498,1.000000,3.000000
2023-12,111.970400,0.405778,3.237383,0.357848,2.900204,3.643991,3.062364,-1.044513,2.825000,6.750000,3.733684,71.966190,270.197499,1.000000,3.000000
2024-01,111.991911,0.019211,3.023922,0.009075,2.859887,3.809957,2.683702,-2.143307,2.637500,6.500000,3.739810,74.001304,266.411870,1.000000,3.000000
2024-02,112.616278,0.557511,3.294067,0.510432,3.102139,3.800411,3.074522,-2.620164,2.645833,6.250000,3.827310,77.363333,261.798936,1.000000,3.000000
2024-03,113.753010,1.009385,3.045046,0.875077,3.102179,3.447782,2.871856,-2.523201,2.556250,6.250000,3.709553,81.405714,257.800871,1.000000,3.000000
2024-04,113.694232,-0.051672,2.422076,0.113037,3.009023,3.154255,2.105108,-2.575836,2.616667,6.000000,3.713159,85.347273,250.805051,1.000000,3.000000
2024-05,113.591104,-0.090706,2.004938,0.161674,3.097533,2.817187,1.651586,-1.959295,2.558333,5.750000,3.730977,79.957391,273.149548,1.000000,3.000000
2024-06,113.729392,0.121742,2.285382,0.159447,3.116838,2.702504,2.102862,-1.228838,2.525000,5.750000,3.784632,79.912500,256.879872,1.000000,3.000000
2024-07,113.998099,0.236269,2.127664,0.191186,3.015377,2.850491,1.812742,-0.283152,2.485417,5.750000,3.764400,81.947826,245.703594,1.000000,3.000000
2024-08,114.322048,0.284171,2.034097,0.013911,2.779621,2.464840,1.846388,-1.869983,2.441667,5.500000,3.741325,76.683182,231.284955,1.000000,3.000000
2024-09,114.050464,-0.237560,1.775011,-0.000640,2.641863,1.890390,1.724495,-2.382757,2.425000,5.250000,3.768214,70.440000,235.522809,1.000000,3.000000
2024-10,113.944279,-0.093104,2.009180,0.080941,2.499829,1.524050,2.222178,-3.030301,2.454167,5.250000,3.753591,72.164348,240.291884,1.000000,3.000000
2024-11,114.051561,0.094153,2.271991,0.064134,2.562092,1.718199,2.515095,-1.809672,2.445833,5.000000,3.778850,69.941429,230.584280,1.000000,3.000000
2024-12,114.172077,0.105668,1.966303,0.399467,2.604625,1.826390,2.026626,-1.379690,2.450000,5.000000,3.734895,70.090000,234.408170,1.000000,3.000000
2025-01,114.065534,-0.093318,1.851583,-0.154034,2.437284,1.729075,1.904654,-0.556003,2.369792,4.750000,3.747750,75.645217,235.690933,1.000000,3.000000
2025-02,114.279991,0.188012,1.477329,0.191149,2.111880,1.547130,1.446262,-1.233027,2.275000,4.750000,3.697700,71.509000,247.914407,1.000000,3.000000
2025-03,115.205841,0.810159,1.277180,0.636482,1.870359,1.524304,1.169327,-0.973258,2.275000,4.750000,3.652595,68.239048,240.006417,1.000000,3.000000
2025-04,115.572272,0.318066,1.651834,0.142764,1.900608,1.207384,1.846480,-0.649032,2.287500,4.750000,3.699700,63.606364,226.804728,1.000000,3.000000
2025-05,115.507003,-0.056475,1.686663,0.048546,1.785516,0.932779,2.018944,-0.836059,2.266667,4.500000,3.660143,62.200455,212.286787,1.000000,3.000000
2025-06,115.655637,0.128680,1.693709,0.065142,1.689680,1.182627,1.918797,-1.165583,2.275000,4.500000,3.603905,68.536667,222.404430,1.000000,3.000000
2025-07,115.923300,0.231431,1.688801,0.183225,1.681600,1.180954,1.912345,-2.509044,2.191667,4.500000,3.556200,68.379565,220.721864,1.000000,3.000000
2025-08,115.586828,-0.290254,1.106331,0.082874,1.751713,0.628853,1.315506,-2.959587,2.183333,4.500000,3.543200,64.864286,208.543302,1.000000,3.000000
2025-09,115.599718,0.011152,1.358393,0.058519,1.811908,0.678405,1.656356,-2.921748,2.162500,4.250000,3.502818,63.977273,213.067590,1.000000,3.000000
2025-10,115.484549,-0.099627,1.351775,0.041859,1.772149,0.699774,1.636674,-3.358179,2.191667,4.250000,3.414091,60.844783,214.223819,1.000000,3.000000
2025-11,115.612485,0.110782,1.368613,0.057106,1.765001,0.479374,1.757166,-4.037171,2.162500,4.250000,3.372850,60.043500,246.991221,1.000000,3.000000
2025-12,115.894705,0.244109,1.508800,0.464365,1.830782,0.383436,2.001113,-3.826496,2.125000,4.250000,3.366737,58.004783,229.883829,1.000000,3.000000
2026-01,116.005694,0.095767,1.700917,0.035897,2.024488,0.224144,2.348948,-3.858419,2.025000,4.250000,3.356750,59.881818,230.343397,1.000000,3.000000
2026-02,116.810340,0.693626,2.214166,0.362280,2.198750,0.178117,3.108483,-3.144625,2.137500,4.250000,3.356975,64.435500,239.405482,1.000000,3.000000
2026-03,119.588900,2.378694,3.804546,2.069978,3.654499,1.611972,4.761433,0.018311,2.518750,4.250000,3.446773,91.383636,264.174751,1.000000,3.000000
2026-04,120.211509,0.520624,4.014144,0.868668,4.405859,1.699743,5.022119,1.242601,2.816667,4.250000,3.442675,100.903636,270.804903,1.000000,3.000000
2026-05,120.017612,-0.161297,3.905052,0.085182,4.444090,1.876136,4.789874,1.203730,2.891667,4.250000,3.434825,102.049048,295.852482,1.000000,3.000000
2026-06,120.292167,0.228762,4.008910,0.084054,4.463830,1.704690,5.017715,0.577299,2.825000,4.250000,3.404571,84.604545,274.450046,1.000000,3.000000
2026-07,120.635759,0.285631,4.065153,0.280349,4.565104,1.405788,5.228142,1.882353,3.008750,4.250000,3.400000,79.990000,291.273782,1.000000,3.000000
2026-08,120.716351,0.066806,4.437809,0.019835,4.499241,2.274972,5.380928,3.918397,3.050000,4.250000,3.363850,83.897619,310.169406,1.000000,3.000000
