modelo,h,objetivo,pronostico,piso_meses_conocidos,aporte_meses_futuros_pp,p025,p10,p90,p975,prob_en_rango,prob_sobre_rango,n_errores
encuesta,12,2027-08,3.05000,0.00000,3.00441,1.17798,1.68887,7.05895,8.45102,0.45395,0.52632,152
ensamble,1,2026-09,4.57756,4.42616,0.14487,4.06351,4.26891,4.94006,5.18490,0.00000,1.00000,163
ensamble,2,2026-10,4.74559,4.53030,0.20574,3.85260,4.34982,5.38612,6.08892,0.00000,1.00000,162
ensamble,3,2026-11,4.75002,4.41463,0.32069,3.77489,4.23420,5.65348,6.58013,0.00621,0.99379,161
ensamble,4,2026-12,4.93050,4.16037,0.73665,4.13472,4.34882,6.04149,7.28613,0.00000,1.00000,160
ensamble,5,2027-01,5.20026,4.06071,1.08913,4.24228,4.53947,6.68012,7.96109,0.00000,1.00000,159
ensamble,6,2027-02,4.92206,3.34389,1.51556,3.72806,4.17901,6.89424,8.30297,0.00000,1.00000,158
ensamble,7,2027-03,3.43465,0.94277,2.43863,2.17229,2.62117,5.91462,6.61811,0.27389,0.72611,157
ensamble,8,2027-04,3.12977,0.41996,2.66271,1.84178,2.36978,5.92396,7.06740,0.41026,0.57692,156
ensamble,9,2027-05,3.37845,0.58220,2.74213,1.75277,2.54888,6.31730,7.94163,0.29677,0.69677,155
ensamble,10,2027-06,3.28614,0.35263,2.88129,1.59415,2.37550,6.36221,8.71755,0.32468,0.66883,154
ensamble,11,2027-07,3.30688,0.06681,3.18659,1.68840,2.16857,6.52719,9.52748,0.28105,0.71242,153
ensamble,12,2027-08,3.45472,0.00000,3.39639,1.68437,2.15491,6.48790,10.28301,0.25658,0.73684,152
estacional,1,2026-09,4.57467,4.42616,0.14211,4.00127,4.20550,5.01122,5.33492,0.00000,1.00000,163
estacional,2,2026-10,4.76550,4.53030,0.22475,3.86476,4.22968,5.54249,6.32200,0.00000,1.00000,162
estacional,3,2026-11,4.84135,4.41463,0.40785,3.68021,4.05046,5.91475,6.90328,0.00000,1.00000,161
estacional,4,2026-12,5.07350,4.16037,0.87284,3.74966,4.05052,6.53106,7.49796,0.00000,1.00000,160
estacional,5,2027-01,5.03282,4.06071,0.92984,3.49899,3.73758,6.60900,7.86775,0.00000,1.00000,159
estacional,6,2027-02,4.73578,3.34389,1.33786,2.92186,3.23436,6.75353,8.01144,0.03797,0.96203,158
estacional,7,2027-03,3.71963,0.94277,2.71377,1.69704,1.93649,6.13844,7.54945,0.29299,0.70701,157
estacional,8,2027-04,3.65758,0.41996,3.17320,1.43551,1.72884,6.58232,7.83345,0.35897,0.64103,156
estacional,9,2027-05,3.90648,0.58220,3.25160,1.50699,1.87189,7.19829,8.61977,0.28387,0.71613,155
estacional,10,2027-06,3.98277,0.35263,3.55349,1.36293,1.82627,7.63376,9.07598,0.25974,0.74026,154
estacional,11,2027-07,4.11867,0.06681,3.96933,1.27109,1.79047,7.91271,9.64492,0.24837,0.75163,153
estacional,12,2027-08,4.27824,0.00000,4.18925,1.21561,1.73638,8.54761,10.19694,0.22368,0.76974,152
gbm,1,2026-09,4.54863,4.42616,0.11721,3.99561,4.22102,4.95517,5.20355,0.00000,1.00000,163
gbm,2,2026-10,4.47636,4.53030,-0.05162,3.73277,3.99939,5.07675,5.45309,0.00000,1.00000,162
gbm,3,2026-11,4.30355,4.41463,-0.10644,3.26351,3.62861,5.31555,6.03161,0.01242,0.98758,161
gbm,4,2026-12,4.38703,4.16037,0.21738,3.18260,3.51956,5.48207,6.17834,0.01250,0.98750,160
gbm,5,2027-01,4.00328,4.06071,-0.05521,2.56085,2.96205,5.60449,6.35598,0.10692,0.89308,159
gbm,6,2027-02,3.64722,3.34389,0.29308,2.18554,2.46488,5.55266,6.37343,0.22152,0.77848,158
gbm,7,2027-03,2.83709,0.94277,1.85923,0.99854,1.58334,5.14301,6.01847,0.45223,0.51592,157
gbm,8,2027-04,2.42467,0.41996,1.97666,0.42436,1.13072,5.23309,6.60930,0.48077,0.43590,156
gbm,9,2027-05,3.04473,0.58220,2.41879,1.22985,1.70349,6.25590,7.86922,0.43226,0.55484,155
gbm,10,2027-06,3.21171,0.35263,2.80921,1.25156,1.78465,7.18267,8.78642,0.41558,0.56494,154
gbm,11,2027-07,2.64472,0.06681,2.54357,0.62673,1.20209,6.56672,8.66459,0.39869,0.53595,153
gbm,12,2027-08,3.11234,0.00000,3.06489,0.86666,1.58204,7.00665,9.47873,0.38158,0.57895,152
ingenuo,1,2026-09,4.43781,4.42616,0.01115,3.73146,4.00903,4.91569,5.21054,0.00000,1.00000,163
ingenuo,2,2026-10,4.43781,4.53030,-0.08853,3.20723,3.74450,5.20487,5.85159,0.01235,0.98765,162
ingenuo,3,2026-11,4.43781,4.41463,0.02220,2.63065,3.56737,5.37198,6.44922,0.04969,0.95031,161
ingenuo,4,2026-12,4.43781,4.16037,0.26601,2.19034,3.38689,5.56446,6.94475,0.06250,0.93750,160
ingenuo,5,2027-01,4.43781,4.06071,0.36173,1.67048,3.16455,5.56733,7.05508,0.08176,0.91195,159
ingenuo,6,2027-02,4.43781,3.34389,1.05296,1.35646,2.82913,6.38862,7.12969,0.11392,0.87342,158
ingenuo,7,2027-03,4.43781,0.94277,3.40380,0.98385,2.65896,6.75706,7.29897,0.10828,0.86624,157
ingenuo,8,2027-04,4.43781,0.41996,3.92308,0.73270,2.40181,7.04339,7.49836,0.11538,0.85256,156
ingenuo,9,2027-05,4.43781,0.58220,3.76165,0.07483,2.12024,7.12604,8.00933,0.10968,0.84516,155
ingenuo,10,2027-06,4.43781,0.35263,3.99015,-0.26430,1.98451,7.18346,8.32725,0.10390,0.84416,154
ingenuo,11,2027-07,4.43781,0.06681,4.27537,-0.51949,1.87237,7.19797,8.35631,0.11765,0.81699,153
ingenuo,12,2027-08,4.43781,0.00000,4.34216,-0.91487,1.58231,7.39843,9.00051,0.10526,0.80921,152
ridge,1,2026-09,4.64991,4.42616,0.21403,4.06972,4.35756,5.04666,5.29818,0.00000,1.00000,163
ridge,2,2026-10,4.81573,4.53030,0.27269,3.92848,4.43591,5.55463,5.92886,0.00000,1.00000,162
ridge,3,2026-11,4.78942,4.41463,0.35830,3.61164,4.34058,5.85372,6.51285,0.00000,1.00000,161
ridge,4,2026-12,5.08105,4.16037,0.88003,4.21732,4.57420,6.55271,7.72039,0.00000,1.00000,160
ridge,5,2027-01,5.54461,4.06071,1.41592,4.55883,4.92670,7.38599,8.66532,0.00000,1.00000,159
ridge,6,2027-02,5.38540,3.34389,1.95620,3.97164,4.67261,7.66492,8.91641,0.00000,1.00000,158
ridge,7,2027-03,3.86911,0.94277,2.85779,2.31392,3.21618,6.32593,7.38818,0.07643,0.92357,157
ridge,8,2027-04,3.52205,0.41996,3.04236,2.08246,2.88844,6.35829,7.62183,0.12821,0.86538,156
ridge,9,2027-05,3.73857,0.58220,3.08987,2.00213,2.88782,7.01617,8.85645,0.12258,0.87742,155
ridge,10,2027-06,3.58161,0.35263,3.16696,1.65600,2.60358,7.06019,9.56764,0.20130,0.79870,154
ridge,11,2027-07,3.53149,0.06681,3.40378,1.32839,2.19569,7.15975,10.96877,0.22222,0.77778,153
ridge,12,2027-08,3.64722,0.00000,3.58228,1.35715,2.05494,7.57855,12.02575,0.21053,0.77632,152
sarima,1,2026-09,4.50521,4.42616,0.07567,4.02447,4.15375,4.88396,5.14829,0.00000,1.00000,163
sarima,2,2026-10,4.67544,4.53030,0.13875,3.88463,4.22630,5.31745,6.10313,0.00000,1.00000,162
sarima,3,2026-11,4.71062,4.41463,0.28307,3.74477,4.10143,5.64796,6.62934,0.00621,0.99379,161
sarima,4,2026-12,4.77995,4.16037,0.59308,3.67230,4.05757,5.98342,6.95762,0.00625,0.99375,160
sarima,5,2027-01,4.85591,4.06071,0.76126,3.57293,3.98910,6.45709,7.48441,0.00000,1.00000,159
sarima,6,2027-02,4.45871,3.34389,1.07297,2.98709,3.36929,6.44089,7.42317,0.03165,0.96835,158
sarima,7,2027-03,3.00020,0.94277,2.01772,1.39693,1.88370,5.01427,6.44337,0.53503,0.45860,157
sarima,8,2027-04,2.73749,0.41996,2.28161,1.01083,1.49510,5.20388,6.53089,0.59615,0.37821,156
sarima,9,2027-05,3.01834,0.58220,2.39318,1.28770,1.58790,5.93265,7.26437,0.53548,0.45161,155
sarima,10,2027-06,2.99067,0.35263,2.59481,1.18404,1.53889,6.03294,7.64567,0.53896,0.44156,154
sarima,11,2027-07,3.08227,0.06681,2.96894,1.07475,1.50718,6.28835,8.11331,0.48366,0.50327,153
sarima,12,2027-08,3.26223,0.00000,3.21015,1.08123,1.59306,7.01195,8.82802,0.42763,0.55263,152
